id,system_address,market_id,name
300000,3932277478114,128673927,Didi Vatermann
300010,1109989017963,128674183,Bill Turner
300030,4481966019282,128674695,Broo Tarquin
300040,2827992680811,128674951,The Sarge
300050,6131367744226,128675207,Zacariah Nemo
300080,1458309141194,128675975,Liz Ryder
300090,1733321102034,128676231,Hera Tani
300100,6681123623626,128676487,Felicity Farseer
300110,3790082132323,128676743,Ram Tah
300120,4305444669811,128676999,Lei Cheung
300130,12274907287851,128677255,Petra Olmanova
300140,10477373803,128677511,Colonel Bris Dekker
300150,48996147307082,128677767,Marsha Hicks
300160,3107241104074,128678023,Elvira Martuuk
300180,5031654888146,128678535,The Dweller
300200,121569805492,128679047,Marco Qwent
300210,24859942069665,128679303,Selene Jean
300220,113573366131,128679559,Professor Palin
300230,3932277478106,128679815,Lori Jameson
300250,4481899074282,128680327,Juri Ishmaak
300260,3107576681170,128680583,Tod 'The Blaster' McQuinn
300270,164098653,128680839,Tiana Fortune
300280,66038577537618,128681095,Mel Brandon
300290,11887629902418,128681351,Etienne Dorn
300300,594676730147,128954244,Chloe Sedesi
400001,7268024067513,128972903,Jude Navarro
400002,5068464399785,128973159,Domino Green
400003,7269634614689,128973415,Hero Ferrari
400004,2827975936355,128973671,Kit Fowler
400005,2832832893634,128973927,Wellington Beck
400006,3721329101171,128974183,Terra Velasquez
400007,16065190962585,128974439,Uma Laszlo
400008,8879744226018,128974695,Oden Geiger
400009,670686455169,128974951,Yarden Bond
400010,71536135676490,128986843,Baltanos
400011,38001031029322,128987099,Eleanor Bresa
400012,59166629864010,128986587,Rosa Dayette
400013,13736779007129,128987355,Yi Shen
